iteration,loss,q_mean,td_error,action_entropy,reward,avg_reward,eps
0,0.08399637416005135,0.03218001686036587,-0.043523937463760376,0.25601865723729134,-0.11775712668895721,-0.11775712668895721,"tensor(0.9998, device='cuda:0')"
1,0.07976103946566582,0.03179348260164261,-0.0662733893841505,0.24815672636032104,-0.1698753982782364,-0.1438162624835968,"tensor(0.9996, device='cuda:0')"
2,0.09548582509160042,0.03176272567361593,-0.08265955559909344,0.514346107840538,-0.21769979596138,-0.1684441069761912,"tensor(0.9994, device='cuda:0')"
3,0.11373653821647167,0.03190952260047197,-0.12311726063489914,0.6853265762329102,-0.17479565739631653,-0.17003199458122253,"tensor(0.9992, device='cuda:0')"
4,0.1406827513128519,0.03197917528450489,-0.18276351690292358,0.579602375626564,-0.32778120040893555,-0.20158183574676514,"tensor(0.9990, device='cuda:0')"
5,0.16050060465931892,0.03207791969180107,-0.19997292384505272,0.6309849470853806,-0.3173356354236603,-0.22087413569291434,"tensor(0.9988, device='cuda:0')"
6,0.1720941625535488,0.03220943734049797,-0.21694369614124298,0.48998358845710754,-0.32834500074386597,-0.23622711641447885,"tensor(0.9986, device='cuda:0')"
7,0.17523455992341042,0.03242847044020891,-0.21921554952859879,0.3258635550737381,-0.3406519591808319,-0.24928022176027298,"tensor(0.9984, device='cuda:0')"
8,0.20132121816277504,0.032815358601510525,-0.2595200315117836,0.24284319207072258,-0.3909705877304077,-0.2650235957569546,"tensor(0.9982, device='cuda:0')"
9,0.190016470849514,0.033460890874266624,-0.23076047003269196,0.36484823375940323,-0.37915557622909546,-0.2764367938041687,"tensor(0.9980, device='cuda:0')"
10,0.21323510259389877,0.034512742422521114,-0.2649306356906891,0.5697662979364395,-0.30117765069007874,-0.2786859626119787,"tensor(0.9978, device='cuda:0')"
11,0.20890625938773155,0.03555505350232124,-0.2561575919389725,0.2867256700992584,-0.3835591673851013,-0.28742539634307224,"tensor(0.9976, device='cuda:0')"
12,0.23171453922986984,0.036831334233284,-0.2589852623641491,0.303573802113533,-0.32441362738609314,-0.2902706448848431,"tensor(0.9974, device='cuda:0')"
13,0.26421310752630234,0.0389863271266222,-0.27587341517210007,0.30246952921152115,-0.44388556480407715,-0.3012431391647884,"tensor(0.9972, device='cuda:0')"
14,0.25754889100790024,0.042286147363483906,-0.28934696316719055,0.3250674530863762,-0.37978196144104004,-0.30647906064987185,"tensor(0.9970, device='cuda:0')"
15,0.23379255086183548,0.046839604154229164,-0.24326804652810097,0.2951418161392212,-0.3571702837944031,-0.30964726209640503,"tensor(0.9968, device='cuda:0')"
16,0.2798585668206215,0.05340178404003382,-0.26971497014164925,0.36662517488002777,-0.4116553068161011,-0.3156477353152107,"tensor(0.9966, device='cuda:0')"
17,0.2644178345799446,0.06329814810305834,-0.2540144883096218,0.30169079452753067,-0.3983903229236603,-0.32024454573790234,"tensor(0.9964, device='cuda:0')"
18,0.282648928463459,0.07690226100385189,-0.283206507563591,0.34862151741981506,-0.5011814832687378,-0.3297675424500516,"tensor(0.9962, device='cuda:0')"
19,0.2684866786003113,0.09655918553471565,-0.290179505944252,0.403908871114254,-0.47978824377059937,-0.33726857751607897,"tensor(0.9960, device='cuda:0')"
20,0.2893563061952591,0.12650935538113117,-0.2563452310860157,0.6779627054929733,-0.45071372389793396,-0.34267072734378634,"tensor(0.9958, device='cuda:0')"
21,0.318935826420784,0.1699550747871399,-0.32153961062431335,0.6491291671991348,-0.443252831697464,-0.34724264117804443,"tensor(0.9956, device='cuda:0')"
22,0.2752020061016083,0.231923907995224,-0.22500924579799175,0.49008017778396606,-0.520535409450531,-0.3547771093638047,"tensor(0.9954, device='cuda:0')"
23,0.30056575685739517,0.31514637917280197,-0.12177541293203831,0.5619335323572159,-0.4935733675956726,-0.3605602867901325,"tensor(0.9952, device='cuda:0')"
24,0.2944994941353798,0.41352529078722,-0.08166974224150181,0.7947322726249695,-0.5304548740386963,-0.36735607028007505,"tensor(0.9950, device='cuda:0')"
25,0.30773942917585373,0.5088271722197533,0.010476433672010899,0.9268032908439636,-0.483509361743927,-0.3718235045671463,"tensor(0.9948, device='cuda:0')"
26,0.29594341665506363,0.5532879680395126,0.005730875069275498,0.756807804107666,-0.5773459076881409,-0.37943544542347946,"tensor(0.9946, device='cuda:0')"
27,0.3147771805524826,0.5726900547742844,-0.053498385939747095,0.779692143201828,-0.5787365436553955,-0.386553341788905,"tensor(0.9944, device='cuda:0')"
28,0.3200830668210983,0.5940257608890533,0.011414079926908016,0.01277973037213087,-0.5441179275512695,-0.3919866033669176,"tensor(0.9942, device='cuda:0')"
29,0.32488081604242325,0.6107561737298965,-0.037300634663552046,0.10749764740467072,-0.737669050693512,-0.4035093516111374,"tensor(0.9940, device='cuda:0')"
30,0.33171629905700684,0.6471761912107468,0.04244199628010392,0.0,-0.6418789625167847,-0.41119869389841635,"tensor(0.9938, device='cuda:0')"
31,0.372247576713562,0.6780571490526199,0.060575223760679364,0.0,-0.5131624937057495,-0.4143850626423955,"tensor(0.9936, device='cuda:0')"
32,0.35277435928583145,0.6932381689548492,-0.014375105034559965,0.0,-0.6883891820907593,-0.4226882177771944,"tensor(0.9934, device='cuda:0')"
33,0.3628537878394127,0.7317661941051483,0.10550682432949543,0.0,-0.6780421733856201,-0.43019862823626576,"tensor(0.9932, device='cuda:0')"
34,0.34770528972148895,0.7578116059303284,0.04293558094650507,0.0,-0.5695983171463013,-0.4341814764908382,"tensor(0.9930, device='cuda:0')"
35,0.34172993898391724,0.7742049247026443,0.05735589703544974,0.0,-0.7669179439544678,-0.44342415614260566,"tensor(0.9928, device='cuda:0')"
36,0.33262012153863907,0.7561015188694,0.09849515510722995,0.0,-0.6576281189918518,-0.44921345243582855,"tensor(0.9926, device='cuda:0')"
37,0.3503515124320984,0.7280784100294113,0.06543513759970665,0.0,-0.6693783402442932,-0.4550072652728934,"tensor(0.9924, device='cuda:0')"
38,0.33135221898555756,0.6951601803302765,-0.04518480505794287,0.0,-0.7267274260520935,-0.46197444888261646,"tensor(0.9922, device='cuda:0')"
39,0.35542914271354675,0.7445195615291595,-0.00014650169759988785,0.0,-0.6899218559265137,-0.4676731340587139,"tensor(0.9920, device='cuda:0')"
40,0.3748790845274925,0.813032403588295,0.08028289023786783,0.0,-0.7219801545143127,-0.47387574431372853,"tensor(0.9918, device='cuda:0')"
41,0.3558703511953354,0.836954653263092,0.13900806568562984,0.0,-0.6924067735671997,-0.47907886405785877,"tensor(0.9916, device='cuda:0')"
42,0.38824277371168137,0.8088038861751556,0.08609044784680009,0.0,-0.6783638596534729,-0.48371339883915215,"tensor(0.9914, device='cuda:0')"
43,0.3592963367700577,0.7768162488937378,0.054504357278347015,0.0,-0.7762200236320496,-0.49036127667535434,"tensor(0.9912, device='cuda:0')"
44,0.3420228809118271,0.747637540102005,0.03497053682804108,0.0,-0.7989455461502075,-0.49721870488590664,"tensor(0.9910, device='cuda:0')"
45,0.3542383462190628,0.7613858729600906,0.020823227241635323,0.0,-0.6544209718704224,-0.5006361454725266,"tensor(0.9908, device='cuda:0')"
46,0.334675669670105,0.7838472872972488,0.012838497757911682,0.0,-0.7343204021453857,-0.5056081509336512,"tensor(0.9906, device='cuda:0')"
47,0.3818983659148216,0.8001139163970947,0.09471842646598816,0.0,-0.6896633505821228,-0.5094426342596611,"tensor(0.9904, device='cuda:0')"
48,0.3152996674180031,0.7945720851421356,0.06560301082208753,0.0,-0.747220516204834,-0.5142952440952768,"tensor(0.9902, device='cuda:0')"
49,0.3515939563512802,0.782546803355217,0.055635214783251286,0.0,-0.7703658938407898,-0.519416657090187,"tensor(0.9900, device='cuda:0')"
50,0.3441617712378502,0.7463992834091187,0.03151840250939131,0.0,-0.7055342197418213,-0.5230660210637486,"tensor(0.9899, device='cuda:0')"
51,0.35078492015600204,0.7323200404644012,0.020099246874451637,0.0,-0.7711355686187744,-0.5278365892859606,"tensor(0.9897, device='cuda:0')"
52,0.35077591985464096,0.716263547539711,-0.0019888291135430336,0.0,-0.7900646924972534,-0.532784289346551,"tensor(0.9895, device='cuda:0')"
53,0.3496755063533783,0.7299785017967224,0.07281919568777084,0.0,-0.6593106389045715,-0.5351273698939217,"tensor(0.9893, device='cuda:0')"
54,0.34190352261066437,0.7335915565490723,0.07160506816580892,0.0,-0.5742588043212891,-0.5358388505198739,"tensor(0.9891, device='cuda:0')"
55,0.34053944796323776,0.7292684763669968,0.0379378953948617,0.0,-0.6855102777481079,-0.5385115545775209,"tensor(0.9889, device='cuda:0')"
56,0.36507654935121536,0.7334300577640533,0.005561398807913065,0.0,-0.7144206762313843,-0.5415976795188168,"tensor(0.9887, device='cuda:0')"
57,0.3585820272564888,0.7313436716794968,0.021403119899332523,0.0,-0.6053335070610046,-0.5426965730971304,"tensor(0.9885, device='cuda:0')"
58,0.3440963253378868,0.7457882314920425,0.07193944603204727,0.0,-0.6944566369056702,-0.5452687775684615,"tensor(0.9883, device='cuda:0')"
59,0.335075318813324,0.744630292057991,0.038991882000118494,0.0,-0.7980133295059204,-0.5494811867674192,"tensor(0.9881, device='cuda:0')"
60,0.36041492968797684,0.7554800510406494,0.05075959349051118,0.0,-0.7023510336875916,-0.5519872498316843,"tensor(0.9879, device='cuda:0')"
61,0.35726166516542435,0.7527406066656113,0.055809041019529104,0.0,-0.6032203435897827,-0.5528135900535891,"tensor(0.9877, device='cuda:0')"
62,0.3598158285021782,0.7677455246448517,-0.014145252294838428,0.0,-0.786125123500824,-0.5565169477273547,"tensor(0.9875, device='cuda:0')"
63,0.380294032394886,0.7861950397491455,0.06969835609197617,0.0,-0.7759600877761841,-0.5599457467906177,"tensor(0.9873, device='cuda:0')"
64,0.37269097566604614,0.7731908410787582,0.03475499711930752,0.0,-0.8468676209449768,-0.5643599294699155,"tensor(0.9871, device='cuda:0')"
65,0.35287848860025406,0.7682592570781708,0.009594662114977837,0.0,-0.6839098334312439,-0.5661712916511478,"tensor(0.9869, device='cuda:0')"
66,0.3372724801301956,0.7960503250360489,0.05702746659517288,0.0,-0.5896779298782349,-0.5665221369978207,"tensor(0.9867, device='cuda:0')"
67,0.32726604491472244,0.7866116315126419,0.08675859030336142,0.0,-0.6899320483207703,-0.5683369886349229,"tensor(0.9865, device='cuda:0')"
68,0.36533981561660767,0.762499213218689,0.023484686389565468,0.40766555070877075,-0.6186223030090332,-0.5690657613070115,"tensor(0.9863, device='cuda:0')"
69,0.36275461316108704,0.7821882367134094,-0.021286492701619864,0.5940993577241898,-0.6944538354873657,-0.570857019509588,"tensor(0.9861, device='cuda:0')"
70,0.37156956642866135,0.824756070971489,0.006250274367630482,0.24357381602749228,-0.6840254068374634,-0.5724509404578679,"tensor(0.9859, device='cuda:0')"
71,0.34929902106523514,0.9012656211853027,0.032088414300233126,0.0,-0.7504287958145142,-0.5749228551155992,"tensor(0.9857, device='cuda:0')"
72,0.3616538718342781,0.9355973303318024,0.11744735296815634,0.24393314262852073,-0.6051207184791565,-0.5753365244767438,"tensor(0.9855, device='cuda:0')"
73,0.3783388137817383,0.9217696040868759,0.11790320230647922,0.48054543510079384,-0.6217134594917297,-0.575963239814784,"tensor(0.9853, device='cuda:0')"
74,0.36774273961782455,0.8644998073577881,0.05821651197038591,0.05941300233826041,-0.7487863302230835,-0.5782675476868947,"tensor(0.9851, device='cuda:0')"
75,0.34259074181318283,0.8112784177064896,-0.05548620782792568,0.6398913562297821,-0.8327620029449463,-0.5816161589402902,"tensor(0.9849, device='cuda:0')"
76,0.37918663769960403,0.846774622797966,-0.05080216471105814,0.5416193753480911,-0.7555858492851257,-0.5838755055681452,"tensor(0.9847, device='cuda:0')"
77,0.3827294483780861,0.9300121963024139,0.05774551071226597,0.24466223269701004,-0.7085163593292236,-0.5854734652317487,"tensor(0.9845, device='cuda:0')"
78,0.40490537136793137,1.0055209696292877,0.15818344987928867,0.044125708751380444,-0.5943354368209839,-0.5855856420873087,"tensor(0.9843, device='cuda:0')"
79,0.40344274044036865,0.9670717269182205,0.13908783812075853,0.32654254883527756,-0.5328735113143921,-0.5849267404526473,"tensor(0.9841, device='cuda:0')"
80,0.40047457069158554,0.8645030558109283,0.004083428997546434,0.0,-0.7819904685020447,-0.5873596259841213,"tensor(0.9839, device='cuda:0')"
81,0.45388078689575195,0.7950136810541153,-0.015638696495443583,0.0,-0.7576459050178528,-0.589436287923557,"tensor(0.9837, device='cuda:0')"
82,0.39015407860279083,0.7926012277603149,-0.049976447597146034,0.0,-0.7498801350593567,-0.5913693463227835,"tensor(0.9835, device='cuda:0')"
83,0.37591951340436935,0.8430591225624084,-0.025646631605923176,0.0,-0.734193742275238,-0.5930696367507889,"tensor(0.9833, device='cuda:0')"
84,0.365262970328331,0.9045032858848572,0.05432002246379852,0.0,-0.824183464050293,-0.5957886229543125,"tensor(0.9831, device='cuda:0')"
85,0.40080426633358,0.9352236688137054,0.07461851462721825,0.0,-0.7636467218399048,-0.5977404613134473,"tensor(0.9829, device='cuda:0')"
86,0.3529527932405472,0.9190236777067184,0.04029868170619011,0.0,-0.903830885887146,-0.6012587420556738,"tensor(0.9827, device='cuda:0')"
87,0.372959241271019,0.901551678776741,0.05387623095884919,0.0,-0.7366095781326294,-0.6027968197383664,"tensor(0.9826, device='cuda:0')"
88,0.33809855580329895,0.8567130863666534,-0.011735615320503712,0.0,-0.8471830487251282,-0.6055427324236109,"tensor(0.9824, device='cuda:0')"
89,0.3415781334042549,0.8515378534793854,0.0180397795047611,0.0,-0.8022739887237549,-0.6077286352713903,"tensor(0.9822, device='cuda:0')"
90,0.3559643104672432,0.8944337666034698,0.06381910759955645,0.03134597837924957,-0.7985780835151672,-0.6098258819553878,"tensor(0.9820, device='cuda:0')"
91,0.36761124432086945,0.9022184312343597,0.09559271112084389,0.15234194323420525,-0.7484177947044373,-0.6113323157896167,"tensor(0.9818, device='cuda:0')"
92,0.3673185557126999,0.8943586200475693,0.011162972077727318,0.06356766214594245,-0.7574030756950378,-0.612902969121933,"tensor(0.9816, device='cuda:0')"
93,0.3433363661170006,0.8806308656930923,-0.006716199219226837,0.0,-0.679966151714325,-0.613616407234618,"tensor(0.9814, device='cuda:0')"
94,0.34982671588659286,0.9104265123605728,0.02548270672559738,0.3083669631741941,-0.8939384818077087,-0.6165671659143348,"tensor(0.9812, device='cuda:0')"
95,0.3782096430659294,0.9291360825300217,0.11998909339308739,0.02012120932340622,-0.7317968606948853,-0.6177674752349654,"tensor(0.9810, device='cuda:0')"
96,0.4054696634411812,0.9287914633750916,0.0944197354838252,0.0,-0.6750446557998657,-0.6183579616325418,"tensor(0.9808, device='cuda:0')"
97,0.3788658380508423,0.8907762467861176,0.06597640924155712,0.0,-0.6963871717453003,-0.6191541780622638,"tensor(0.9806, device='cuda:0')"
98,0.34211884438991547,0.8410403579473495,-0.029356150422245264,0.0,-0.7540096044540405,-0.6205163540864231,"tensor(0.9804, device='cuda:0')"
99,0.3626970127224922,0.8584203720092773,-0.0007855012081563473,0.0,-0.768308162689209,-0.6219942721724511,"tensor(0.9802, device='cuda:0')"
100,0.4032239466905594,0.8932752311229706,0.06909184902906418,0.0,-0.6691306233406067,-0.6275080071389675,"tensor(0.9800, device='cuda:0')"
101,0.36964868754148483,0.874677300453186,0.08964471518993378,0.0,-0.7467979788780212,-0.6332772329449654,"tensor(0.9798, device='cuda:0')"
102,0.3580855056643486,0.8540502637624741,0.03654805198311806,0.0,-0.6467092037200928,-0.6375673270225525,"tensor(0.9796, device='cuda:0')"
103,0.3718728721141815,0.8610018789768219,0.063500399235636,0.0,-0.7389053106307983,-0.6432084235548973,"tensor(0.9794, device='cuda:0')"
104,0.37659451365470886,0.8312593549489975,0.025263194926083088,0.0,-0.7022024989128113,-0.6469526365399361,"tensor(0.9792, device='cuda:0')"
105,0.35750627517700195,0.8449089080095291,0.009239727398380637,0.0,-0.7261149883270264,-0.6510404300689697,"tensor(0.9790, device='cuda:0')"
106,0.35879725217819214,0.8390486091375351,0.02617323212325573,0.24071917310357094,-0.6879870295524597,-0.6546368503570557,"tensor(0.9788, device='cuda:0')"
107,0.34946802258491516,0.8816757053136826,0.05610526306554675,0.3913984075188637,-0.6901941299438477,-0.6581322720646858,"tensor(0.9786, device='cuda:0')"
108,0.3598760962486267,0.8667584806680679,0.05385979893617332,0.46338895708322525,-0.6410797834396362,-0.6606333640217781,"tensor(0.9784, device='cuda:0')"
109,0.368180587887764,0.8778688907623291,0.04883814603090286,0.2519158311188221,-0.6401827335357666,-0.6632436355948448,"tensor(0.9782, device='cuda:0')"
110,0.3732913136482239,0.857785239815712,0.013860011473298073,0.0315433070063591,-0.701598584651947,-0.6672478449344635,"tensor(0.9780, device='cuda:0')"
111,0.3694749027490616,0.9002382457256317,-0.010718633886426687,0.0,-0.6851456165313721,-0.6702637094259262,"tensor(0.9778, device='cuda:0')"
112,0.37430913001298904,0.9076983481645584,0.06748724356293678,0.0,-0.7137004137039185,-0.6741565772891045,"tensor(0.9777, device='cuda:0')"
113,0.345200277864933,0.9136122763156891,0.07231661304831505,0.0,-0.7266606092453003,-0.6769843277335167,"tensor(0.9775, device='cuda:0')"
114,0.37791313230991364,0.8821292221546173,0.025149868801236153,0.0,-0.6911037564277649,-0.680097545683384,"tensor(0.9773, device='cuda:0')"
115,0.36880089342594147,0.9242915660142899,0.003887353464961052,0.0,-0.8165809512138367,-0.6846916523575782,"tensor(0.9771, device='cuda:0')"
116,0.34343959391117096,0.9287851750850677,0.09337596222758293,0.0,-0.6091294288635254,-0.6866663935780525,"tensor(0.9769, device='cuda:0')"
117,0.3252166137099266,0.9183229207992554,-0.017053800635039806,0.0,-0.8262275457382202,-0.6909447658061981,"tensor(0.9767, device='cuda:0')"
118,0.3952087387442589,0.9726186543703079,0.03636557376012206,0.0,-0.6566041707992554,-0.6924989926815033,"tensor(0.9765, device='cuda:0')"
119,0.36362578719854355,0.9839154928922653,-0.009206614922732115,0.0,-0.8851386308670044,-0.6965524965524673,"tensor(0.9763, device='cuda:0')"
120,0.3611481487751007,0.9982076734304428,0.08571029081940651,0.0,-0.8154019117355347,-0.7001993784308433,"tensor(0.9761, device='cuda:0')"
121,0.3682829961180687,0.9743409752845764,0.03357901610434055,0.0,-0.6669650077819824,-0.7024365001916886,"tensor(0.9759, device='cuda:0')"
122,0.34738384932279587,0.9533400684595108,-0.0023817848414182663,0.03773584356531501,-0.7699660062789917,-0.7049308061599732,"tensor(0.9757, device='cuda:0')"
123,0.35730133950710297,0.9717177003622055,-0.029894008301198483,0.19560301676392555,-0.9636191129684448,-0.7096312636137009,"tensor(0.9755, device='cuda:0')"
124,0.4017780050635338,0.9910685569047928,0.011017794720828533,0.3485567569732666,-0.8660722970962524,-0.7129874378442764,"tensor(0.9753, device='cuda:0')"
125,0.412386879324913,1.0318454205989838,0.09265795536339283,0.28955525532364845,-0.8116102814674377,-0.7162684470415115,"tensor(0.9751, device='cuda:0')"
126,0.33290016651153564,1.002850517630577,0.06020964356139302,0.24257702752947807,-0.7550846338272095,-0.7180458343029023,"tensor(0.9749, device='cuda:0')"
127,0.34094303846359253,1.004496842622757,-0.008065087720751762,0.07055092602968216,-0.7929522395133972,-0.7201879912614823,"tensor(0.9747, device='cuda:0')"
128,0.31056851148605347,1.0478813648223877,0.03896046942099929,0.0,-0.7267487049102783,-0.7220142990350723,"tensor(0.9745, device='cuda:0')"
129,0.35378218442201614,1.0450618267059326,-0.00793701782822609,0.0,-0.8950287699699402,-0.7235878962278366,"tensor(0.9743, device='cuda:0')"
130,0.36648038029670715,1.0521803796291351,0.005230981856584549,0.0,-0.7995983362197876,-0.7251650899648666,"tensor(0.9741, device='cuda:0')"
131,0.33374079316854477,1.0372508466243744,0.08635301748290658,0.0,-0.5977022051811218,-0.7260104870796203,"tensor(0.9739, device='cuda:0')"
132,0.33895839005708694,1.0293936431407928,-0.04765547439455986,0.0,-0.835798442363739,-0.7274845796823501,"tensor(0.9737, device='cuda:0')"
133,0.3441154435276985,1.0556361079216003,-0.005082445684820414,0.0,-0.8224067091941833,-0.7289282250404358,"tensor(0.9736, device='cuda:0')"
134,0.3578244596719742,1.0541752874851227,0.07264684233814478,0.0,-0.7770696878433228,-0.731002938747406,"tensor(0.9734, device='cuda:0')"
135,0.3449006974697113,1.062307894229889,0.040691341273486614,0.0,-0.7170698046684265,-0.7305044573545456,"tensor(0.9732, device='cuda:0')"
136,0.3300279527902603,1.0527791678905487,0.05508195608854294,0.0,-0.8536625504493713,-0.7324648016691208,"tensor(0.9730, device='cuda:0')"
137,0.3569725751876831,1.0232191681861877,-0.030020408798009157,0.0,-0.8291311264038086,-0.7340623295307159,"tensor(0.9728, device='cuda:0')"
138,0.35877958685159683,1.0758472383022308,0.05282607162371278,0.0,-0.7527860403060913,-0.7343229156732559,"tensor(0.9726, device='cuda:0')"
139,0.3490414470434189,1.09002485871315,0.10599282663315535,0.0,-0.7003700733184814,-0.7344273978471756,"tensor(0.9724, device='cuda:0')"
140,0.3322446942329407,1.0119351744651794,0.04867869336158037,0.0,-0.7623510360717773,-0.7348311066627502,"tensor(0.9722, device='cuda:0')"
141,0.32332437485456467,0.9739621728658676,-0.033560341224074364,0.0,-0.754844069480896,-0.7354554796218872,"tensor(0.9720, device='cuda:0')"
142,0.3578329011797905,0.9897367358207703,-0.013422922231256962,0.0,-0.7523438334465027,-0.7361952793598175,"tensor(0.9718, device='cuda:0')"
143,0.3050098940730095,1.0528118908405304,0.05925695085898042,0.0,-0.7439932823181152,-0.7358730119466782,"tensor(0.9716, device='cuda:0')"
144,0.3002760708332062,1.0903798043727875,0.11710530426353216,0.0,-0.7488471269607544,-0.7353720277547836,"tensor(0.9714, device='cuda:0')"
145,0.3530277907848358,1.0143666863441467,0.003918202128261328,0.0,-0.7940619587898254,-0.7367684376239777,"tensor(0.9712, device='cuda:0')"
146,0.32742539048194885,1.0035129338502884,-0.0019478625617921352,0.0,-0.8249337673187256,-0.737674571275711,"tensor(0.9710, device='cuda:0')"
147,0.2947426438331604,1.0002503395080566,0.05037064477801323,0.0,-0.7264717817306519,-0.7380426555871964,"tensor(0.9708, device='cuda:0')"
148,0.3254966214299202,1.008430391550064,0.008988742250949144,0.0,-0.7867388129234314,-0.7384378385543823,"tensor(0.9706, device='cuda:0')"
149,0.3163336217403412,1.04085373878479,0.0003389755729585886,0.0,-0.9216197729110718,-0.7399503773450852,"tensor(0.9704, device='cuda:0')"
150,0.3113037459552288,1.0510555803775787,0.036201737355440855,0.0,-0.7497797012329102,-0.7403928321599961,"tensor(0.9702, device='cuda:0')"
151,0.3378019332885742,1.0648990869522095,0.05504635162651539,0.0,-0.7364373803138733,-0.740045850276947,"tensor(0.9701, device='cuda:0')"
152,0.32903649657964706,1.052148312330246,0.02002277597784996,0.0,-0.9009968638420105,-0.7411551719903946,"tensor(0.9699, device='cuda:0')"
153,0.3322863429784775,1.0474513471126556,-0.0345908273011446,0.0,-0.8087396621704102,-0.742649462223053,"tensor(0.9697, device='cuda:0')"
154,0.3630187660455704,1.0672299563884735,0.10153921041637659,0.0,-0.6980494856834412,-0.7438873690366745,"tensor(0.9695, device='cuda:0')"
155,0.3099914938211441,1.0106047689914703,0.01855758484452963,0.0,-0.7251710891723633,-0.7442839771509171,"tensor(0.9693, device='cuda:0')"
156,0.29716604202985764,1.005672112107277,0.034444956574589014,0.0,-0.7684118747711182,-0.7448238891363144,"tensor(0.9691, device='cuda:0')"
157,0.3338165432214737,0.998739704489708,0.016218988224864006,0.0,-0.7523466348648071,-0.7462940204143524,"tensor(0.9689, device='cuda:0')"
158,0.2994205206632614,1.0166336745023727,0.013829780742526054,0.0,-0.7576135993003845,-0.7469255900382996,"tensor(0.9687, device='cuda:0')"
159,0.30331597477197647,1.039182186126709,0.05717468587681651,0.0,-0.7097555994987488,-0.7460430127382278,"tensor(0.9685, device='cuda:0')"
160,0.29910387843847275,1.08210688829422,-0.012937053572386503,0.0,-0.8701271414756775,-0.7477207738161087,"tensor(0.9683, device='cuda:0')"
161,0.32987071573734283,1.110763967037201,0.13861567713320255,0.0,-0.7103723287582397,-0.7487922936677933,"tensor(0.9681, device='cuda:0')"
162,0.3204301670193672,1.0641850531101227,0.03471249621361494,0.0,-0.7785212993621826,-0.7487162554264069,"tensor(0.9679, device='cuda:0')"
163,0.3329005688428879,1.0098455399274826,-0.01758629735559225,0.0,-0.703520655632019,-0.7479918611049652,"tensor(0.9677, device='cuda:0')"
164,0.32632632553577423,1.0467025637626648,0.0011275452561676502,0.0,-0.7238413095474243,-0.7467615979909897,"tensor(0.9675, device='cuda:0')"
165,0.31911394745111465,1.0942192375659943,0.10640463978052139,0.0,-0.6525682210922241,-0.7464481818675995,"tensor(0.9673, device='cuda:0')"
166,0.3086523786187172,1.098709225654602,0.07812038343399763,0.0,-0.6947436332702637,-0.7474988389015198,"tensor(0.9671, device='cuda:0')"
167,0.28670602291822433,1.055467814207077,-0.03521109884604812,0.0,-0.8014775514602661,-0.7486142939329148,"tensor(0.9670, device='cuda:0')"
168,0.3113858252763748,1.0775541365146637,0.009852711576968431,0.0,-0.8136775493621826,-0.7505648463964463,"tensor(0.9668, device='cuda:0')"
169,0.3312244638800621,1.1543367803096771,0.08449695631861687,0.0,-0.7542229294776917,-0.7511625373363495,"tensor(0.9666, device='cuda:0')"
170,0.3217189833521843,1.1480421423912048,0.09127756301313639,0.0,-0.7723004221916199,-0.7520452874898911,"tensor(0.9664, device='cuda:0')"
171,0.3183862417936325,1.0856762826442719,0.033704294823110104,0.0,-0.7043893337249756,-0.7515848928689957,"tensor(0.9662, device='cuda:0')"
172,0.29711754620075226,1.089212417602539,-0.03242853796109557,0.0,-0.7792437076568604,-0.7533261227607727,"tensor(0.9660, device='cuda:0')"
173,0.3198488876223564,1.1288107931613922,0.05493437685072422,0.0,-0.7447536587715149,-0.7545565247535706,"tensor(0.9658, device='cuda:0')"
174,0.3103857859969139,1.1609516143798828,0.06966608506627381,0.0,-0.7113091349601746,-0.7541817528009415,"tensor(0.9656, device='cuda:0')"
175,0.3019272983074188,1.1494578421115875,-0.0013837795704603195,0.0,-0.7149096727371216,-0.7530032294988632,"tensor(0.9654, device='cuda:0')"
176,0.32888828217983246,1.1473473608493805,-0.00174696184694767,0.0,-0.8143010139465332,-0.7535903811454773,"tensor(0.9652, device='cuda:0')"
177,0.2842492535710335,1.1766553223133087,0.06484887469559908,0.0,-0.6953778862953186,-0.7534589964151382,"tensor(0.9650, device='cuda:0')"
178,0.30990006774663925,1.177697092294693,0.02305038319900632,0.0,-0.7884616851806641,-0.7554002588987351,"tensor(0.9648, device='cuda:0')"
179,0.3396071791648865,1.1763827204704285,-0.02346015488728881,0.0,-0.9537046551704407,-0.7596085703372956,"tensor(0.9646, device='cuda:0')"
180,0.29873666912317276,1.2312387526035309,0.05646458547562361,0.0,-0.8143839240074158,-0.7599325048923492,"tensor(0.9644, device='cuda:0')"
181,0.31087275594472885,1.2374610602855682,0.0796410609036684,0.0,-0.7453718185424805,-0.7598097640275955,"tensor(0.9643, device='cuda:0')"
182,0.3204633519053459,1.1822702586650848,-0.020036424277350307,0.0,-0.8389323949813843,-0.7607002866268158,"tensor(0.9641, device='cuda:0')"
183,0.3033142723143101,1.1716565191745758,0.06627544993534684,0.0,-0.7766586542129517,-0.7611249357461929,"tensor(0.9639, device='cuda:0')"
184,0.3304842561483383,1.1526755392551422,0.028384733013808727,0.05952668562531471,-0.7411342859268188,-0.7602944439649582,"tensor(0.9637, device='cuda:0')"
185,0.37341171503067017,1.172695517539978,0.07804910745471716,0.04065615823492408,-0.6544046401977539,-0.7592020231485367,"tensor(0.9635, device='cuda:0')"
186,0.3076854944229126,1.1912095844745636,0.030060353688895702,0.0,-0.7444154620170593,-0.7576078689098358,"tensor(0.9633, device='cuda:0')"
187,0.3174034506082535,1.1786389648914337,0.012506871484220028,0.0,-0.8861883282661438,-0.759103656411171,"tensor(0.9631, device='cuda:0')"
188,0.36310257762670517,1.211549460887909,0.051328396424651146,0.0,-0.6345935463905334,-0.756977761387825,"tensor(0.9629, device='cuda:0')"
189,0.3395940735936165,1.227053850889206,0.09438639879226685,0.0,-0.7148196697235107,-0.7561032181978226,"tensor(0.9627, device='cuda:0')"
190,0.34605272114276886,1.2108906507492065,0.022319714538753033,0.0,-0.8050008416175842,-0.7561674457788468,"tensor(0.9625, device='cuda:0')"
191,0.3203851878643036,1.167980432510376,-0.021521526388823986,0.0,-0.8146458268165588,-0.7568297260999679,"tensor(0.9623, device='cuda:0')"
192,0.3360084965825081,1.2294051349163055,0.06633916962891817,0.0,-0.7609455585479736,-0.7568651509284973,"tensor(0.9621, device='cuda:0')"
193,0.3161475285887718,1.2227277755737305,0.0838929763995111,0.0,-0.7293193340301514,-0.7573586827516556,"tensor(0.9619, device='cuda:0')"
194,0.2654983177781105,1.1690424084663391,0.002076602540910244,0.0,-0.7705513834953308,-0.7561248117685317,"tensor(0.9617, device='cuda:0')"
195,0.3353727161884308,1.2145931720733643,0.06319618970155716,0.006389865186065435,-0.7205913066864014,-0.756012756228447,"tensor(0.9616, device='cuda:0')"
196,0.3476627916097641,1.2237053513526917,0.04536108020693064,0.10723341628909111,-0.7469262480735779,-0.756731572151184,"tensor(0.9614, device='cuda:0')"
197,0.3192637786269188,1.198619306087494,0.06195070222020149,0.07721577351912856,-0.7459555864334106,-0.7572272562980652,"tensor(0.9612, device='cuda:0')"
198,0.31461984664201736,1.1833899319171906,-0.01781041920185089,0.03606070950627327,-0.7751275300979614,-0.7574384355545044,"tensor(0.9610, device='cuda:0')"
199,0.32134590297937393,1.2467566132545471,0.039569949731230736,0.006389865186065435,-0.7948667407035828,-0.7577040213346481,"tensor(0.9608, device='cuda:0')"
200,0.32023513317108154,1.2497853338718414,0.04549761954694986,0.019165765028446913,-0.7327966690063477,-0.7583406817913055,"tensor(0.9606, device='cuda:0')"
201,0.3060736209154129,1.2422425746917725,0.02041121991351247,0.006389865186065435,-0.6958211660385132,-0.7578309136629104,"tensor(0.9604, device='cuda:0')"
202,0.29791488498449326,1.2363519072532654,0.03111846372485161,0.04651965852826834,-0.7383351922035217,-0.7587471735477448,"tensor(0.9602, device='cuda:0')"
203,0.2855270281434059,1.223201960325241,0.028756972402334213,0.099602360278368,-0.6752098202705383,-0.7581102186441422,"tensor(0.9600, device='cuda:0')"
204,0.3003712594509125,1.2445028126239777,0.01496259355917573,0.2841561809182167,-0.7930392026901245,-0.7590185856819153,"tensor(0.9598, device='cuda:0')"
205,0.31986352801322937,1.266030490398407,0.07744740881025791,0.46290773153305054,-0.6462503671646118,-0.7582199394702911,"tensor(0.9596, device='cuda:0')"
206,0.32434801757335663,1.2956105470657349,-0.0653884974308312,0.26095726480707526,-0.7206220626831055,-0.7585462898015976,"tensor(0.9594, device='cuda:0')"
207,0.309201642870903,1.4431143701076508,0.05563744343817234,0.006389865186065435,-0.7856403589248657,-0.7595007520914078,"tensor(0.9592, device='cuda:0')"
208,0.30079924315214157,1.4921145141124725,0.1558985486626625,0.21793241938576102,-0.8310686349868774,-0.7614006406068802,"tensor(0.9591, device='cuda:0')"
209,0.29672618955373764,1.336602509021759,0.10127058532088995,0.3758235052227974,-0.7658400535583496,-0.762657213807106,"tensor(0.9589, device='cuda:0')"
210,0.2881549373269081,1.1635721921920776,-0.016499425284564495,0.18511899933218956,-0.6998777389526367,-0.7626400053501129,"tensor(0.9587, device='cuda:0')"
211,0.3239280954003334,1.1870148181915283,-0.07883183099329472,0.09988241270184517,-0.7154111862182617,-0.7629426610469818,"tensor(0.9585, device='cuda:0')"
212,0.3124227002263069,1.3510484099388123,0.11809229291975498,0.0,-0.6452690958976746,-0.7622583478689193,"tensor(0.9583, device='cuda:0')"
213,0.3093561381101608,1.3358525037765503,0.06849556881934404,0.0,-0.7932788729667664,-0.7629245305061341,"tensor(0.9581, device='cuda:0')"
214,0.3170801252126694,1.2837077975273132,0.03239849954843521,0.04822714626789093,-0.7108237147331238,-0.7631217300891876,"tensor(0.9579, device='cuda:0')"
215,0.28240151703357697,1.194314330816269,-0.024708754615858197,0.16602840647101402,-0.7460244297981262,-0.7624161648750305,"tensor(0.9577, device='cuda:0')"
216,0.30835122615098953,1.2882477641105652,-0.009713693056255579,0.3419724628329277,-0.792467474937439,-0.7642495453357696,"tensor(0.9575, device='cuda:0')"
217,0.2923751175403595,1.3476908206939697,0.11052159871906042,0.6073225140571594,-0.6861202120780945,-0.7628484719991684,"tensor(0.9573, device='cuda:0')"
218,0.33481089025735855,1.3355500400066376,-0.01262068236246705,0.5914865136146545,-0.8993892669677734,-0.7652763229608536,"tensor(0.9571, device='cuda:0')"
219,0.3415592387318611,1.3328054547309875,0.02868277160450816,0.42153602838516235,-0.7032868266105652,-0.7634578049182892,"tensor(0.9569, device='cuda:0')"
220,0.28132083266973495,1.3877607882022858,0.06628770800307393,0.26314301043748856,-0.72786945104599,-0.7625824803113938,"tensor(0.9568, device='cuda:0')"
221,0.28603649884462357,1.3225462436676025,0.05307193612679839,0.18069980666041374,-0.7221513390541077,-0.763134343624115,"tensor(0.9566, device='cuda:0')"
222,0.32644718885421753,1.2774532735347748,-0.03363274969160557,0.14626817405223846,-0.8273335695266724,-0.7637080192565918,"tensor(0.9564, device='cuda:0')"
223,0.3385233208537102,1.3882873952388763,0.07547986879944801,0.1667439192533493,-0.7113006711006165,-0.7611848348379135,"tensor(0.9562, device='cuda:0')"
224,0.2997410520911217,1.3746190667152405,0.037487548775970936,0.1919887401163578,-0.7863568067550659,-0.7603876799345016,"tensor(0.9560, device='cuda:0')"
225,0.30976802855730057,1.334123134613037,0.005373021122068167,0.26483019068837166,-0.7593160271644592,-0.7598647373914719,"tensor(0.9558, device='cuda:0')"
226,0.32802609354257584,1.3605424761772156,-0.014323375187814236,0.5349919721484184,-0.787180483341217,-0.7601856958866119,"tensor(0.9556, device='cuda:0')"
227,0.30884287506341934,1.4475742280483246,0.034860861487686634,0.3441106528043747,-0.7727386355400085,-0.759983559846878,"tensor(0.9554, device='cuda:0')"
228,0.3141742870211601,1.5838566720485687,0.09508538991212845,0.26277006417512894,-0.7547026872634888,-0.7602630996704102,"tensor(0.9552, device='cuda:0')"
229,0.3216956555843353,1.5275115072727203,0.04313429305329919,0.3005722910165787,-0.7692314982414246,-0.759005126953125,"tensor(0.9550, device='cuda:0')"
230,0.35526566952466965,1.4882292747497559,0.08886867854744196,0.42552169784903526,-0.7223349809646606,-0.7582324934005737,"tensor(0.9548, device='cuda:0')"
231,0.31637904793024063,1.336349904537201,0.00900805788114667,0.3361465781927109,-0.6737356781959534,-0.758992828130722,"tensor(0.9547, device='cuda:0')"
232,0.293533518910408,1.3311305940151215,-0.01196843571960926,0.27000878006219864,-0.7566205859184265,-0.7582010495662689,"tensor(0.9545, device='cuda:0')"
233,0.3153681680560112,1.3730303645133972,0.06515049282461405,0.343242771923542,-0.7333357930183411,-0.7573103404045105,"tensor(0.9543, device='cuda:0')"
234,0.36386463791131973,1.4003111720085144,0.06542340107262135,0.3382772281765938,-0.6716467142105103,-0.7562561106681823,"tensor(0.9541, device='cuda:0')"
235,0.2964717149734497,1.351461797952652,-0.004851530306041241,0.34069177508354187,-0.7463700175285339,-0.7565491127967835,"tensor(0.9539, device='cuda:0')"
236,0.3232129067182541,1.3985582888126373,0.012554432731121778,0.3598392978310585,-0.7556568384170532,-0.7555690556764603,"tensor(0.9537, device='cuda:0')"
237,0.3022285997867584,1.4921389520168304,0.07781538646668196,0.26789118349552155,-0.6891450881958008,-0.7541691952943802,"tensor(0.9535, device='cuda:0')"
238,0.33433274179697037,1.4732425808906555,-0.001577930524945259,0.24260837584733963,-0.7466571927070618,-0.7541079068183899,"tensor(0.9533, device='cuda:0')"
239,0.296853706240654,1.4353337287902832,0.02052430948242545,0.1930193305015564,-0.7688641548156738,-0.7547928476333619,"tensor(0.9531, device='cuda:0')"
240,0.3092092126607895,1.438194751739502,0.05947258323431015,0.18113156408071518,-0.7116138339042664,-0.7542854756116867,"tensor(0.9529, device='cuda:0')"
241,0.2876373827457428,1.410248339176178,0.01646712003275752,0.19273550063371658,-0.6804982423782349,-0.7535420173406601,"tensor(0.9527, device='cuda:0')"
242,0.3210122883319855,1.4008231163024902,0.01516459695994854,0.2071700245141983,-0.6574533581733704,-0.7525931125879288,"tensor(0.9526, device='cuda:0')"
243,0.32671845704317093,1.4310218393802643,-0.0010477700270712376,0.3348876088857651,-0.6987431049346924,-0.7521406108140946,"tensor(0.9524, device='cuda:0')"
244,0.3033993989229202,1.5186481773853302,0.029752823524177074,0.5261985808610916,-0.8502712249755859,-0.7531548517942429,"tensor(0.9522, device='cuda:0')"
245,0.3115754723548889,1.53355273604393,0.07874157326295972,0.46400562673807144,-0.7413328886032104,-0.7526275610923767,"tensor(0.9520, device='cuda:0')"
246,0.3026493825018406,1.44762721657753,-0.03557571116834879,0.37664488703012466,-0.8624547719955444,-0.7530027711391449,"tensor(0.9518, device='cuda:0')"
247,0.29515600204467773,1.4803190231323242,0.03846225212328136,0.15580404549837112,-0.7040034532546997,-0.7527780878543854,"tensor(0.9516, device='cuda:0')"
248,0.303191103041172,1.5215195715427399,0.018205150961875916,0.11198921501636505,-0.7443159222602844,-0.7523538589477539,"tensor(0.9514, device='cuda:0')"
249,0.3148459270596504,1.4997932314872742,0.07510986551642418,0.24590836465358734,-0.719639241695404,-0.7503340536355972,"tensor(0.9512, device='cuda:0')"
250,0.3598908483982086,1.4247154891490936,-0.029200846794992685,0.3883555382490158,-0.7834685444831848,-0.7506709420680999,"tensor(0.9510, device='cuda:0')"
251,0.3329247832298279,1.4844450652599335,0.06620690831914544,0.644665390253067,-0.6925711631774902,-0.7502322798967361,"tensor(0.9508, device='cuda:0')"
252,0.30766839534044266,1.4712882041931152,0.06113135674968362,0.6150036603212357,-0.6721768379211426,-0.7479440796375275,"tensor(0.9507, device='cuda:0')"
253,0.3133927211165428,1.4260100424289703,0.02512547094374895,0.4890729486942291,-0.6870502233505249,-0.7467271852493286,"tensor(0.9505, device='cuda:0')"
254,0.3524736166000366,1.4638995230197906,-0.012149625457823277,0.2761528864502907,-0.7677438259124756,-0.747424128651619,"tensor(0.9503, device='cuda:0')"
255,0.31786463409662247,1.5506892800331116,0.044069407507777214,0.10568523593246937,-0.8041855096817017,-0.7482142728567124,"tensor(0.9501, device='cuda:0')"
256,0.3420887887477875,1.5302385687828064,0.08809631085023284,0.006389865186065435,-0.7884895205497742,-0.7484150493144989,"tensor(0.9499, device='cuda:0')"
257,0.32674752175807953,1.395468682050705,-0.0500256447121501,0.02420182805508375,-0.7942824959754944,-0.7488344079256057,"tensor(0.9497, device='cuda:0')"
258,0.28863929957151413,1.455187201499939,0.011752738617360592,0.04838447459042072,-0.7444452047348022,-0.74870272397995,"tensor(0.9495, device='cuda:0')"
259,0.31435617059469223,1.5736069679260254,0.13143361546099186,0.08770738448947668,-0.7165379524230957,-0.7487705475091935,"tensor(0.9493, device='cuda:0')"
260,0.3396510183811188,1.4677293300628662,0.06556037382688373,0.26285427063703537,-0.6569498181343079,-0.7466387742757797,"tensor(0.9491, device='cuda:0')"
261,0.30719779431819916,1.410693734884262,-0.07132930774241686,0.3792423754930496,-0.6646722555160522,-0.7461817735433578,"tensor(0.9489, device='cuda:0')"
262,0.3013295456767082,1.4506949484348297,0.01818577293306589,0.4595862105488777,-0.7183996438980103,-0.7455805569887162,"tensor(0.9488, device='cuda:0')"
263,0.32321394234895706,1.564640998840332,0.10631043836474419,0.39660290628671646,-0.6950772404670715,-0.7454961228370667,"tensor(0.9486, device='cuda:0')"
264,0.28204360604286194,1.522263616323471,0.02455125469714403,0.3580051511526108,-0.6880303025245667,-0.7451380127668381,"tensor(0.9484, device='cuda:0')"
265,0.34001264721155167,1.418006420135498,0.043102419935166836,0.5023832619190216,-0.6824584007263184,-0.7454369145631791,"tensor(0.9482, device='cuda:0')"
266,0.32312045246362686,1.4217617511749268,-0.06939771585166454,0.6203836798667908,-0.645042359828949,-0.7449399018287659,"tensor(0.9480, device='cuda:0')"
267,0.28589218109846115,1.596769630908966,0.06178447511047125,0.6522978246212006,-0.6903173327445984,-0.7438282996416092,"tensor(0.9478, device='cuda:0')"
268,0.3179764226078987,1.610139548778534,0.12267482839524746,0.5305123925209045,-0.7641687393188477,-0.7433332115411758,"tensor(0.9476, device='cuda:0')"
269,0.3168504238128662,1.500719279050827,0.04416609834879637,0.4042848199605942,-0.5901306867599487,-0.7416922891139984,"tensor(0.9474, device='cuda:0')"
270,0.3055240735411644,1.5237997472286224,-0.02092487085610628,0.2609083391726017,-0.7743127346038818,-0.741712412238121,"tensor(0.9472, device='cuda:0')"
271,0.30722665786743164,1.5512712597846985,0.038699713069945574,0.4985712543129921,-0.6469557881355286,-0.7411380767822265,"tensor(0.9470, device='cuda:0')"
272,0.31738612055778503,1.6188397109508514,0.035812641493976116,0.6994539946317673,-0.7001178860664368,-0.7403468185663223,"tensor(0.9469, device='cuda:0')"
273,0.3134753182530403,1.6155235171318054,0.0499379662796855,0.5429335832595825,-0.7254815101623535,-0.7401540970802307,"tensor(0.9467, device='cuda:0')"
274,0.3085802122950554,1.582158476114273,0.024711156729608774,0.34284066408872604,-0.7205078601837158,-0.7402460843324661,"tensor(0.9465, device='cuda:0')"
275,0.36548853665590286,1.5849705338478088,0.014787343330681324,0.4796281047165394,-0.7292354702949524,-0.7403893423080444,"tensor(0.9463, device='cuda:0')"
276,0.33203432708978653,1.665124088525772,-0.0006171972490847111,0.11139398068189621,-0.7432145476341248,-0.7396784776449203,"tensor(0.9461, device='cuda:0')"
277,0.3321283832192421,1.7843284904956818,0.11912181880325079,0.14882029220461845,-0.8262941837310791,-0.7409876406192779,"tensor(0.9459, device='cuda:0')"
278,0.3328063189983368,1.7353715598583221,0.070345314219594,0.24530362337827682,-0.6583304405212402,-0.7396863281726838,"tensor(0.9457, device='cuda:0')"
279,0.31722426414489746,1.6672629714012146,0.04311993927694857,0.5980641916394234,-0.6615395545959473,-0.7367646771669388,"tensor(0.9455, device='cuda:0')"
280,0.34674952924251556,1.572763592004776,0.030034520663321018,0.38785678148269653,-0.6557474732398987,-0.7351783126592636,"tensor(0.9453, device='cuda:0')"
281,0.3279930278658867,1.602994978427887,-0.009170237928628922,0.35972288995981216,-0.7266755700111389,-0.7349913501739502,"tensor(0.9452, device='cuda:0')"
282,0.32694246619939804,1.6485941112041473,0.06648370251059532,0.3854505345225334,-0.7691044807434082,-0.7342930710315705,"tensor(0.9450, device='cuda:0')"
283,0.3368804231286049,1.678245484828949,0.04740623838733882,0.28029318153858185,-0.8384497165679932,-0.7349109816551208,"tensor(0.9448, device='cuda:0')"
284,0.33547498285770416,1.6668850481510162,0.022730614058673382,0.264511339366436,-0.8167064189910889,-0.7356667029857635,"tensor(0.9446, device='cuda:0')"
285,0.3272474482655525,1.6743634045124054,0.03859960590489209,0.14867723733186722,-0.7687428593635559,-0.7368100851774215,"tensor(0.9444, device='cuda:0')"
286,0.3324652910232544,1.6850205063819885,0.09511236473917961,0.14067114889621735,-0.7166447639465332,-0.7365323781967164,"tensor(0.9442, device='cuda:0')"
287,0.32341285049915314,1.658460408449173,0.018559955060482025,0.15414530783891678,-0.7210023999214172,-0.734880518913269,"tensor(0.9440, device='cuda:0')"
288,0.3110453486442566,1.606339693069458,0.012304967269301414,0.34514332562685013,-0.7704681754112244,-0.7362392652034759,"tensor(0.9438, device='cuda:0')"
289,0.33471157401800156,1.634796291589737,0.023952784948050976,0.6455431133508682,-0.727878212928772,-0.7363698506355285,"tensor(0.9436, device='cuda:0')"
290,0.3536820188164711,1.686841368675232,0.03829789021983743,0.658494383096695,-0.7081112861633301,-0.735400955080986,"tensor(0.9435, device='cuda:0')"
291,0.3582756444811821,1.7313790023326874,0.052464586682617664,0.1540510393679142,-0.7586503624916077,-0.7348410004377365,"tensor(0.9433, device='cuda:0')"
292,0.32853030413389206,1.7811961770057678,0.12227135710418224,0.07572683319449425,-0.6605137586593628,-0.7338366824388504,"tensor(0.9431, device='cuda:0')"
293,0.3369191288948059,1.7373466491699219,0.032683917321264744,0.10841623321175575,-0.7058003544807434,-0.7336014926433563,"tensor(0.9429, device='cuda:0')"
294,0.30296754464507103,1.7733912765979767,0.060740940971300006,0.12024020589888096,-0.6049941778182983,-0.731945920586586,"tensor(0.9427, device='cuda:0')"
295,0.3350430428981781,1.7492457032203674,0.08246490731835365,0.5716706924140453,-0.6847733855247498,-0.7315877413749695,"tensor(0.9425, device='cuda:0')"
296,0.34008144587278366,1.6441855430603027,0.006243133917450905,0.5334136560559273,-0.69402015209198,-0.7310586804151535,"tensor(0.9423, device='cuda:0')"
297,0.3473914638161659,1.7136761546134949,0.046999761601909995,0.48548319935798645,-0.6898996829986572,-0.7304981213808059,"tensor(0.9421, device='cuda:0')"
298,0.3516809269785881,1.7234210669994354,0.11635131016373634,0.6137823611497879,-0.6234991550445557,-0.7289818376302719,"tensor(0.9419, device='cuda:0')"
299,0.32450033724308014,1.656456619501114,0.05333913676440716,0.0752003462985158,-0.57051682472229,-0.726738338470459,"tensor(0.9418, device='cuda:0')"
300,0.32728908210992813,1.71843022108078,0.07576127164065838,0.04836903652176261,-0.5828441977500916,-0.7252388137578964,"tensor(0.9416, device='cuda:0')"
301,0.31990599632263184,1.6851845383644104,-0.0022314805537462234,0.11943850666284561,-0.5876982808113098,-0.7241575849056244,"tensor(0.9414, device='cuda:0')"
302,0.32705187052488327,1.7204457819461823,0.06423667352646589,0.09446335956454277,-0.6955252885818481,-0.7237294858694077,"tensor(0.9412, device='cuda:0')"
303,0.34746546298265457,1.7269379496574402,0.05883714836090803,0.16591259092092514,-0.7395942807197571,-0.7243733304738998,"tensor(0.9410, device='cuda:0')"
304,0.35075294226408005,1.742011159658432,0.0913364328444004,0.3586612418293953,-0.7397012114524841,-0.7238399505615234,"tensor(0.9408, device='cuda:0')"
305,0.34232794493436813,1.685441792011261,0.042900039814412594,0.4067429080605507,-0.6747629046440125,-0.7241250759363175,"tensor(0.9406, device='cuda:0')"
306,0.3378659561276436,1.7388414442539215,0.12501627206802368,0.08570539578795433,-0.6586973667144775,-0.7235058289766312,"tensor(0.9404, device='cuda:0')"
307,0.3339656740427017,1.69933220744133,-0.006149733439087868,0.03562392573803663,-0.7227509021759033,-0.7228769344091416,"tensor(0.9403, device='cuda:0')"
308,0.35107414424419403,1.698410302400589,0.1177056459710002,0.033751463051885366,-0.656524658203125,-0.721131494641304,"tensor(0.9401, device='cuda:0')"
309,0.33748288452625275,1.630464345216751,0.02247416414320469,0.061105385422706604,-0.7405055165290833,-0.7208781492710113,"tensor(0.9399, device='cuda:0')"
310,0.31665971130132675,1.6689970791339874,-0.024285084567964077,0.15452215261757374,-0.8253100514411926,-0.722132472395897,"tensor(0.9397, device='cuda:0')"
311,0.34886103868484497,1.8106304109096527,0.2043139450252056,0.757960170507431,-0.5389695763587952,-0.7203680562973023,"tensor(0.9395, device='cuda:0')"
312,0.3563883602619171,1.8285708725452423,0.01644863933324814,0.7497624605894089,-0.6534000635147095,-0.7204493659734726,"tensor(0.9393, device='cuda:0')"
313,0.3137497082352638,1.9103207886219025,0.019209560472518206,0.6543697416782379,-0.7138792872428894,-0.7196553701162338,"tensor(0.9391, device='cuda:0')"
314,0.35897017270326614,2.016381859779358,0.23387644439935684,0.7859638631343842,-0.5769590139389038,-0.7183167231082916,"tensor(0.9389, device='cuda:0')"
315,0.3671374246478081,1.8230531811714172,0.19147461839020252,0.40899981558322906,-0.7760937213897705,-0.718617416024208,"tensor(0.9388, device='cuda:0')"
316,0.34008415043354034,1.6097802221775055,-0.05731424409896135,0.2052428051829338,-0.5946662425994873,-0.7166394037008286,"tensor(0.9386, device='cuda:0')"
317,0.3211595043540001,1.6904591619968414,-0.04282429162412882,0.14660427533090115,-0.7202594876289368,-0.7169807964563369,"tensor(0.9384, device='cuda:0')"
318,0.3439343422651291,1.8173561096191406,0.13746167439967394,0.31717798486351967,-0.6686375737190247,-0.7146732795238495,"tensor(0.9382, device='cuda:0')"
319,0.33656713366508484,1.7497245967388153,0.08852751553058624,0.5334281101822853,-0.7508229613304138,-0.715148640871048,"tensor(0.9380, device='cuda:0')"
320,0.34754105657339096,1.6860372722148895,-0.044610845390707254,0.5560361742973328,-0.7177368998527527,-0.7150473153591156,"tensor(0.9378, device='cuda:0')"
321,0.3667461574077606,1.7905713021755219,0.06764778355136514,0.6190613955259323,-0.6171360015869141,-0.7139971619844436,"tensor(0.9376, device='cuda:0')"
322,0.3298880383372307,1.8416751325130463,0.13897682540118694,0.7112928777933121,-0.7177122235298157,-0.712900948524475,"tensor(0.9374, device='cuda:0')"
323,0.2819628119468689,1.7325819432735443,0.012799957301467657,0.8746528029441833,-0.696526050567627,-0.7127532023191452,"tensor(0.9372, device='cuda:0')"
324,0.34244707971811295,1.7492040991783142,0.07617309130728245,0.6262606084346771,-0.5833922624588013,-0.7107235568761826,"tensor(0.9371, device='cuda:0')"
325,0.3419514000415802,1.8209486603736877,0.14338676258921623,0.4492001011967659,-0.6579784750938416,-0.7097101813554764,"tensor(0.9369, device='cuda:0')"
326,0.32298507541418076,1.7472972869873047,0.04590621800161898,0.19796186313033104,-0.6534273624420166,-0.7083726501464844,"tensor(0.9367, device='cuda:0')"
327,0.31647298485040665,1.7898581326007843,0.07406567316502333,0.15090127103030682,-0.6647372245788574,-0.7072926360368729,"tensor(0.9365, device='cuda:0')"
328,0.3557444214820862,1.783937007188797,0.11205506999976933,0.29518263414502144,-0.5803219079971313,-0.7055488282442093,"tensor(0.9363, device='cuda:0')"
329,0.33530300110578537,1.7387385070323944,0.024740490596741438,0.278611920773983,-0.7036411762237549,-0.7048929250240326,"tensor(0.9361, device='cuda:0')"
330,0.3426049128174782,1.7599874436855316,0.02487047598697245,0.05963754188269377,-0.6249892711639404,-0.7039194679260254,"tensor(0.9359, device='cuda:0')"
331,0.3290270119905472,1.8250536918640137,0.11731576919555664,0.019165765028446913,-0.7167066335678101,-0.7043491774797439,"tensor(0.9358, device='cuda:0')"
332,0.30531124398112297,1.7944845855236053,0.029672843869775534,0.03510526521131396,-0.6519696712493896,-0.7033026683330535,"tensor(0.9356, device='cuda:0')"
333,0.3177753910422325,1.7740778923034668,0.04844898171722889,0.0743575282394886,-0.7011784315109253,-0.7029810947179794,"tensor(0.9354, device='cuda:0')"
334,0.3513655960559845,1.7813165783882141,-0.0547138717956841,0.25504250451922417,-0.727154016494751,-0.7035361677408218,"tensor(0.9352, device='cuda:0')"
335,0.32170578092336655,1.8878474533557892,0.07686993852257729,0.17827028781175613,-0.7278962731361389,-0.7033514302968978,"tensor(0.9350, device='cuda:0')"
336,0.34660306572914124,1.8262182176113129,0.10115179978311062,0.06978513486683369,-0.674683153629303,-0.7025416934490204,"tensor(0.9348, device='cuda:0')"
337,0.30105654895305634,1.8533591330051422,0.031232750974595547,0.01277973037213087,-0.7128134369850159,-0.7027783769369126,"tensor(0.9346, device='cuda:0')"
338,0.33195627480745316,1.8071393072605133,0.07013675617054105,0.019169595558196306,-0.5813959836959839,-0.7011257648468018,"tensor(0.9344, device='cuda:0')"
